category,organ,count,sum,sum_squared,max,min,mean
VS,brain,384292.0,21511354.0,2174578058.0,634.0,0.0,55.976585513099415
brain-unassigned,brain,227696.0,12128701.0,1140347743.0,428.0,0.0,53.26707979059799
fiber tracts,brain,2996899.0,197788729.0,21543903261.0,2116.0,0.0,65.99779605518904
grey,brain,28778497.0,7239355366.0,833694016994.0,3595.0,0.0,251.55432425814317
