category,organ,count,sum,sum_squared,max,min,mean
VS,brain,384292.0,20272679.0,2053255685.0,853.0,0.0,52.753320391785415
brain-unassigned,brain,227696.0,11986475.0,1149550449.0,667.0,0.0,52.64244870353454
fiber tracts,brain,2996899.0,205031341.0,22852266925.0,5187.0,0.0,68.41449811955624
grey,brain,28778497.0,7747617979.0,821668629727.0,5983.0,0.0,269.21551806545006
